{"stats":{"minecraft:crafted":{"minecraft:firework_rocket":192},"minecraft:mined":{"minecraft:glass":6,"minecraft:fire":4,"minecraft:tnt":9},"minecraft:dropped":{"minecraft:water_bucket":1,"minecraft:repeating_command_block":6,"minecraft:diamond_block":111,"minecraft:orange_dye":1,"minecraft:weathered_copper":2,"minecraft:exposed_copper":2,"minecraft:tnt":46,"minecraft:jukebox":2,"minecraft:ender_pearl":1,"minecraft:smithing_table":1,"minecraft:netherite_chestplate":2,"minecraft:leather":2,"minecraft:music_disc_far":9,"minecraft:command_block":4,"minecraft:red_stained_glass":40,"minecraft:sheep_spawn_egg":1,"minecraft:elytra":1,"minecraft:flint_and_steel":1,"minecraft:music_disc_13":1,"minecraft:light_weighted_pressure_plate":3,"minecraft:firework_star":1,"minecraft:oak_button":1,"minecraft:stone_button":4,"minecraft:netherite_block":49,"minecraft:dark_oak_trapdoor":5,"minecraft:mutton":3,"minecraft:lingering_potion":7,"minecraft:iron_door":3,"minecraft:snowball":1,"minecraft:smooth_quartz_slab":1,"minecraft:cow_spawn_egg":2,"minecraft:smooth_sandstone_slab":5,"minecraft:sandstone":12,"minecraft:beacon":3,"minecraft:bow":2,"minecraft:glass":115,"minecraft:beef":3,"minecraft:chain_command_block":8,"minecraft:paper":1,"minecraft:white_wool":1,"minecraft:splash_potion":1,"minecraft:black_wool":1,"minecraft:armor_stand":4,"minecraft:firework_rocket":420},"minecraft:picked_up":{"minecraft:lingering_potion":7,"minecraft:splash_potion":1,"minecraft:iron_door":3,"minecraft:anvil":26,"minecraft:water_bucket":1,"minecraft:leather":4,"minecraft:beacon":2,"minecraft:dark_oak_trapdoor":5,"minecraft:elytra":2,"minecraft:flint_and_steel":1,"minecraft:armor_stand":5,"minecraft:glass":113,"minecraft:bow":2,"minecraft:music_disc_far":13,"minecraft:light_weighted_pressure_plate":4,"minecraft:beef":8,"minecraft:sheep_spawn_egg":1,"minecraft:sandstone":29,"minecraft:chain_command_block":8,"minecraft:jukebox":2,"minecraft:music_disc_13":3,"minecraft:stone_button":6,"minecraft:diamond_block":145,"minecraft:netherite_block":52,"minecraft:smooth_sandstone_slab":6,"minecraft:tnt":53,"minecraft:firework_rocket":476,"minecraft:red_stained_glass":39,"minecraft:repeating_command_block":5,"minecraft:command_block":4,"minecraft:cow_spawn_egg":2,"minecraft:oak_button":3,"minecraft:smooth_quartz_slab":1,"minecraft:white_wool":2,"minecraft:black_wool":2,"minecraft:mutton":6,"minecraft:snowball":1,"minecraft:ender_pearl":1},"minecraft:custom":{"minecraft:interact_with_smithing_table":1,"minecraft:interact_with_anvil":1,"minecraft:play_record":9,"minecraft:interact_with_crafting_table":1,"minecraft:leave_game":4,"minecraft:time_since_death":61675,"minecraft:damage_resisted":4346,"minecraft:time_since_rest":61702,"minecraft:sprint_one_cm":197027,"minecraft:damage_taken":2147483647,"minecraft:walk_one_cm":146489,"minecraft:drop":262,"minecraft:damage_dealt":0,"minecraft:interact_with_beacon":7,"minecraft:swim_one_cm":689,"minecraft:fly_one_cm":1861862,"minecraft:crouch_one_cm":57456,"minecraft:play_time":315955,"minecraft:deaths":7,"minecraft:sneak_time":34546,"minecraft:walk_under_water_one_cm":1129,"minecraft:aviate_one_cm":443940,"minecraft:jump":2364,"minecraft:walk_on_water_one_cm":861,"minecraft:total_world_time":542860,"minecraft:fall_one_cm":60666},"minecraft:used":{"minecraft:music_disc_far":7,"minecraft:water_bucket":11,"minecraft:cow_spawn_egg":2,"minecraft:flint_and_steel":23,"minecraft:smooth_quartz_slab":1,"minecraft:red_stained_glass":16,"minecraft:armor_stand":83,"minecraft:netherite_chestplate":1,"minecraft:copper_block":236,"minecraft:elytra":1,"minecraft:smooth_sandstone_slab":1,"minecraft:ender_pearl":19,"minecraft:sandstone":46,"minecraft:beacon":3,"minecraft:sheep_spawn_egg":2,"minecraft:glow_ink_sac":1,"minecraft:cut_copper_stairs":138,"minecraft:dark_oak_trapdoor":5,"minecraft:diamond_block":205,"minecraft:weathered_copper":5,"minecraft:anvil":46,"minecraft:tnt":31,"minecraft:birch_sign":4,"minecraft:cyan_dye":1,"minecraft:note_block":1,"minecraft:lingering_potion":157,"minecraft:music_disc_13":2,"minecraft:snowball":4,"minecraft:exposed_copper":40,"minecraft:glass":394,"minecraft:netherite_block":444,"minecraft:lever":2,"minecraft:firework_rocket":177,"minecraft:command_block":7,"minecraft:light_weighted_pressure_plate":3,"minecraft:oak_button":4,"minecraft:stone_button":13,"minecraft:iron_door":1,"minecraft:bow":126,"minecraft:oxidized_copper":1,"minecraft:smithing_table":1,"minecraft:deepslate_tile_stairs":2,"minecraft:chain_command_block":130,"minecraft:repeating_command_block":26,"minecraft:splash_potion":394,"minecraft:jukebox":3}},"DataVersion":3337}