{"stats":{"minecraft:crafted":{"minecraft:firework_rocket":192},"minecraft:picked_up":{"minecraft:lingering_potion":7,"minecraft:wheat":826,"minecraft:exposed_copper":1,"minecraft:splash_potion":1,"minecraft:anvil":26,"minecraft:dark_oak_trapdoor":5,"minecraft:elytra":2,"minecraft:flint_and_steel":1,"minecraft:armor_stand":8,"minecraft:oak_sign":1,"minecraft:music_disc_otherside":3,"minecraft:light_weighted_pressure_plate":4,"minecraft:beef":8,"minecraft:sandstone":29,"minecraft:jukebox":2,"minecraft:music_disc_mellohi":1,"minecraft:stone_button":6,"minecraft:smooth_sandstone_slab":6,"minecraft:tnt":53,"minecraft:repeating_command_block":6,"minecraft:command_block":6,"minecraft:cow_spawn_egg":2,"minecraft:mutton":6,"minecraft:snowball":1,"minecraft:white_wool":2,"minecraft:iron_door":3,"minecraft:water_bucket":1,"minecraft:leather":4,"minecraft:beacon":2,"minecraft:glass":119,"minecraft:bow":2,"minecraft:wheat_seeds":1851,"minecraft:music_disc_far":39,"minecraft:jungle_hanging_sign":4,"minecraft:debug_stick":49,"minecraft:sheep_spawn_egg":1,"minecraft:chain_command_block":8,"minecraft:music_disc_13":3,"minecraft:diamond_block":145,"minecraft:netherite_block":52,"minecraft:firework_rocket":476,"minecraft:red_stained_glass":39,"minecraft:bone_meal":1,"minecraft:birch_sign":1,"minecraft:oak_button":3,"minecraft:smooth_quartz_slab":1,"minecraft:black_wool":2,"minecraft:ender_pearl":1},"minecraft:used":{"minecraft:orange_dye":1,"minecraft:music_disc_far":16,"minecraft:music_disc_otherside":3,"minecraft:flint_and_steel":23,"minecraft:smooth_quartz_slab":1,"minecraft:armor_stand":96,"minecraft:elytra":1,"minecraft:oak_sign":6,"minecraft:chest":1,"minecraft:farmland":57,"minecraft:cut_copper_stairs":139,"minecraft:debug_stick":580,"minecraft:weathered_copper":7,"minecraft:anvil":46,"minecraft:light_blue_dye":1,"minecraft:weathered_cut_copper_stairs":9,"minecraft:music_disc_13":2,"minecraft:snowball":4,"minecraft:music_disc_mellohi":1,"minecraft:glass":405,"minecraft:light_weighted_pressure_plate":3,"minecraft:hopper_minecart":461,"minecraft:bow":127,"minecraft:oxidized_copper":1,"minecraft:deepslate_tile_stairs":2,"minecraft:red_dye":2,"minecraft:magenta_dye":1,"minecraft:hanging_roots":1,"minecraft:wheat_seeds":43,"minecraft:water_bucket":18,"minecraft:cow_spawn_egg":2,"minecraft:red_stained_glass":16,"minecraft:netherite_chestplate":1,"minecraft:smooth_sandstone_slab":1,"minecraft:copper_block":236,"minecraft:ender_pearl":19,"minecraft:sandstone":195,"minecraft:spruce_sign":1,"minecraft:beacon":3,"minecraft:sheep_spawn_egg":2,"minecraft:glow_ink_sac":7,"minecraft:glow_item_frame":1,"minecraft:dark_oak_trapdoor":5,"minecraft:diamond_block":205,"minecraft:blue_dye":1,"minecraft:rail":1,"minecraft:comparator":1,"minecraft:tnt":31,"minecraft:birch_sign":29,"minecraft:cyan_dye":2,"minecraft:note_block":1,"minecraft:lingering_potion":157,"minecraft:exposed_copper":57,"minecraft:netherite_block":444,"minecraft:lever":40,"minecraft:yellow_dye":1,"minecraft:light":1,"minecraft:firework_rocket":177,"minecraft:command_block":17,"minecraft:oak_button":4,"minecraft:stone_button":18,"minecraft:iron_door":1,"minecraft:smithing_table":1,"minecraft:chain_command_block":134,"minecraft:repeating_command_block":158,"minecraft:jukebox":3,"minecraft:bone_meal":43,"minecraft:splash_potion":394},"minecraft:custom":{"minecraft:interact_with_smithing_table":1,"minecraft:interact_with_anvil":1,"minecraft:interact_with_crafting_table":1,"minecraft:leave_game":9,"minecraft:time_since_death":3320,"minecraft:damage_resisted":4346,"minecraft:sprint_one_cm":679397,"minecraft:walk_one_cm":228124,"minecraft:drop":382,"minecraft:play_time":455728,"minecraft:sneak_time":51670,"minecraft:deaths":34,"minecraft:walk_under_water_one_cm":1129,"minecraft:jump":3280,"minecraft:walk_on_water_one_cm":1800,"minecraft:total_world_time":723402,"minecraft:play_record":22,"minecraft:time_since_rest":3349,"minecraft:damage_taken":2147483647,"minecraft:damage_dealt":0,"minecraft:interact_with_beacon":7,"minecraft:swim_one_cm":689,"minecraft:fly_one_cm":2321893,"minecraft:open_chest":12,"minecraft:crouch_one_cm":94112,"minecraft:aviate_one_cm":443940,"minecraft:fall_one_cm":403290},"minecraft:mined":{"minecraft:fire":4,"minecraft:oak_sign":1,"minecraft:glass":9,"minecraft:tnt":9},"minecraft:dropped":{"minecraft:water_bucket":1,"minecraft:repeating_command_block":7,"minecraft:wheat_seeds":596,"minecraft:orange_dye":1,"minecraft:exposed_copper":4,"minecraft:tnt":46,"minecraft:ender_pearl":1,"minecraft:smithing_table":1,"minecraft:jungle_hanging_sign":5,"minecraft:netherite_chestplate":2,"minecraft:leather":2,"minecraft:command_block":6,"minecraft:red_stained_glass":40,"minecraft:sheep_spawn_egg":1,"minecraft:elytra":1,"minecraft:music_disc_13":1,"minecraft:light_weighted_pressure_plate":3,"minecraft:stone_button":4,"minecraft:mutton":3,"minecraft:dark_oak_trapdoor":5,"minecraft:iron_door":3,"minecraft:snowball":1,"minecraft:smooth_quartz_slab":1,"minecraft:bone_meal":1,"minecraft:smooth_sandstone_slab":5,"minecraft:paper":1,"minecraft:white_wool":1,"minecraft:armor_stand":4,"minecraft:farmland":3,"minecraft:diamond_block":111,"minecraft:lever":1,"minecraft:weathered_copper":2,"minecraft:jukebox":2,"minecraft:wheat":369,"minecraft:music_disc_far":28,"minecraft:debug_stick":51,"minecraft:flint_and_steel":1,"minecraft:firework_star":1,"minecraft:oak_button":1,"minecraft:netherite_block":49,"minecraft:lingering_potion":7,"minecraft:birch_sign":1,"minecraft:cow_spawn_egg":2,"minecraft:sandstone":13,"minecraft:beacon":3,"minecraft:bow":2,"minecraft:glass":122,"minecraft:beef":3,"minecraft:chain_command_block":8,"minecraft:splash_potion":1,"minecraft:black_wool":1,"minecraft:firework_rocket":420}},"DataVersion":3337}