{"stats":{"minecraft:crafted":{"minecraft:firework_rocket":192},"minecraft:mined":{"minecraft:glass":6,"minecraft:fire":4,"minecraft:tnt":9},"minecraft:picked_up":{"minecraft:lingering_potion":7,"minecraft:wheat":826,"minecraft:splash_potion":1,"minecraft:anvil":26,"minecraft:iron_door":3,"minecraft:water_bucket":1,"minecraft:leather":4,"minecraft:beacon":2,"minecraft:dark_oak_trapdoor":5,"minecraft:elytra":2,"minecraft:flint_and_steel":1,"minecraft:armor_stand":5,"minecraft:glass":119,"minecraft:bow":2,"minecraft:wheat_seeds":1851,"minecraft:beef":8,"minecraft:light_weighted_pressure_plate":4,"minecraft:music_disc_far":15,"minecraft:debug_stick":1,"minecraft:sandstone":29,"minecraft:chain_command_block":8,"minecraft:sheep_spawn_egg":1,"minecraft:jukebox":2,"minecraft:music_disc_13":3,"minecraft:stone_button":6,"minecraft:diamond_block":145,"minecraft:netherite_block":52,"minecraft:smooth_sandstone_slab":6,"minecraft:tnt":53,"minecraft:firework_rocket":476,"minecraft:red_stained_glass":39,"minecraft:repeating_command_block":6,"minecraft:command_block":4,"minecraft:cow_spawn_egg":2,"minecraft:bone_meal":1,"minecraft:oak_button":3,"minecraft:white_wool":2,"minecraft:black_wool":2,"minecraft:mutton":6,"minecraft:smooth_quartz_slab":1,"minecraft:snowball":1,"minecraft:ender_pearl":1},"minecraft:dropped":{"minecraft:water_bucket":1,"minecraft:farmland":3,"minecraft:repeating_command_block":7,"minecraft:lever":1,"minecraft:wheat_seeds":596,"minecraft:diamond_block":111,"minecraft:orange_dye":1,"minecraft:weathered_copper":2,"minecraft:exposed_copper":2,"minecraft:jukebox":2,"minecraft:tnt":46,"minecraft:ender_pearl":1,"minecraft:smithing_table":1,"minecraft:wheat":369,"minecraft:netherite_chestplate":2,"minecraft:leather":2,"minecraft:music_disc_far":11,"minecraft:command_block":4,"minecraft:red_stained_glass":40,"minecraft:sheep_spawn_egg":1,"minecraft:debug_stick":1,"minecraft:elytra":1,"minecraft:flint_and_steel":1,"minecraft:music_disc_13":1,"minecraft:light_weighted_pressure_plate":3,"minecraft:firework_star":1,"minecraft:oak_button":1,"minecraft:stone_button":4,"minecraft:netherite_block":49,"minecraft:mutton":3,"minecraft:dark_oak_trapdoor":5,"minecraft:lingering_potion":7,"minecraft:iron_door":3,"minecraft:snowball":1,"minecraft:smooth_quartz_slab":1,"minecraft:cow_spawn_egg":2,"minecraft:bone_meal":1,"minecraft:sandstone":12,"minecraft:smooth_sandstone_slab":5,"minecraft:beacon":3,"minecraft:bow":2,"minecraft:glass":122,"minecraft:beef":3,"minecraft:chain_command_block":8,"minecraft:paper":1,"minecraft:white_wool":1,"minecraft:black_wool":1,"minecraft:splash_potion":1,"minecraft:armor_stand":4,"minecraft:firework_rocket":420},"minecraft:custom":{"minecraft:interact_with_smithing_table":1,"minecraft:interact_with_anvil":1,"minecraft:play_record":10,"minecraft:interact_with_crafting_table":1,"minecraft:leave_game":6,"minecraft:time_since_death":86336,"minecraft:damage_resisted":4346,"minecraft:time_since_rest":86363,"minecraft:sprint_one_cm":230279,"minecraft:damage_taken":2147483647,"minecraft:walk_one_cm":163277,"minecraft:drop":304,"minecraft:damage_dealt":0,"minecraft:interact_with_beacon":7,"minecraft:swim_one_cm":689,"minecraft:fly_one_cm":1979374,"minecraft:crouch_one_cm":69325,"minecraft:play_time":340616,"minecraft:deaths":7,"minecraft:sneak_time":38703,"minecraft:walk_under_water_one_cm":1129,"minecraft:aviate_one_cm":443940,"minecraft:jump":2670,"minecraft:walk_on_water_one_cm":1269,"minecraft:total_world_time":576645,"minecraft:fall_one_cm":60666},"minecraft:used":{"minecraft:wheat_seeds":43,"minecraft:music_disc_far":8,"minecraft:water_bucket":18,"minecraft:cow_spawn_egg":2,"minecraft:flint_and_steel":23,"minecraft:smooth_quartz_slab":1,"minecraft:armor_stand":83,"minecraft:red_stained_glass":16,"minecraft:netherite_chestplate":1,"minecraft:elytra":1,"minecraft:copper_block":236,"minecraft:smooth_sandstone_slab":1,"minecraft:ender_pearl":19,"minecraft:sandstone":46,"minecraft:beacon":3,"minecraft:sheep_spawn_egg":2,"minecraft:glow_ink_sac":1,"minecraft:farmland":57,"minecraft:cut_copper_stairs":138,"minecraft:debug_stick":135,"minecraft:dark_oak_trapdoor":5,"minecraft:diamond_block":205,"minecraft:anvil":46,"minecraft:weathered_copper":5,"minecraft:rail":1,"minecraft:tnt":31,"minecraft:birch_sign":4,"minecraft:cyan_dye":1,"minecraft:note_block":1,"minecraft:lingering_potion":157,"minecraft:music_disc_13":2,"minecraft:snowball":4,"minecraft:exposed_copper":42,"minecraft:glass":397,"minecraft:lever":40,"minecraft:netherite_block":444,"minecraft:firework_rocket":177,"minecraft:command_block":9,"minecraft:light_weighted_pressure_plate":3,"minecraft:oak_button":4,"minecraft:stone_button":13,"minecraft:iron_door":1,"minecraft:hopper_minecart":461,"minecraft:bow":126,"minecraft:deepslate_tile_stairs":2,"minecraft:oxidized_copper":1,"minecraft:smithing_table":1,"minecraft:chain_command_block":130,"minecraft:repeating_command_block":137,"minecraft:splash_potion":394,"minecraft:jukebox":3,"minecraft:bone_meal":43}},"DataVersion":3337}